{"cameraMode":{"drawMode":0,"name":"Shaded","section":"Shading Mode"},"sceneLighting":false,"audioPlay":false,"sceneViewState":{"showFog":false,"showMaterialUpdate":false,"showSkybox":true,"showFlares":false,"showImageEffects":false,"showParticleSystems":true},"in2DMode":false,"pivot":{"x":-2.804966926574707,"y":2.727133274078369,"z":5.847900390625},"rotation":{"x":-0.5934633016586304,"y":0.0654827207326889,"z":-0.04853358864784241,"w":-0.8007387518882752},"size":8.148077011108399,"orthographic":false}