{"cameraMode":{"drawMode":0,"name":"Shaded","section":"Shading Mode"},"sceneLighting":false,"audioPlay":false,"sceneViewState":{"showFog":false,"showMaterialUpdate":false,"showSkybox":true,"showFlares":false,"showImageEffects":false,"showParticleSystems":true},"in2DMode":false,"pivot":{"x":-2.804966926574707,"y":2.727133274078369,"z":5.847900390625},"rotation":{"x":0.6494213938713074,"y":0.0013809306547045708,"z":-0.0011712013510987163,"w":0.7604489326477051},"size":21.375200271606447,"orthographic":false}