{"cameraMode":{"drawMode":0,"name":"Shaded","section":"Shading Mode"},"sceneLighting":false,"audioPlay":false,"sceneViewState":{"showFog":false,"showMaterialUpdate":false,"showSkybox":true,"showFlares":false,"showImageEffects":false,"showParticleSystems":true},"in2DMode":false,"pivot":{"x":-2.2835049629211427,"y":1.0382347106933594,"z":0.0},"rotation":{"x":-0.5449258685112,"y":-0.005789399147033691,"z":0.0037596679758280517,"w":-0.8384673595428467},"size":10.366047859191895,"orthographic":false}