{"cameraMode":{"drawMode":0,"name":"Shaded","section":"Shading Mode"},"sceneLighting":false,"audioPlay":false,"sceneViewState":{"showFog":false,"showMaterialUpdate":false,"showSkybox":true,"showFlares":false,"showImageEffects":false,"showParticleSystems":true},"in2DMode":false,"pivot":{"x":-2.804966926574707,"y":2.727133274078369,"z":5.847900390625},"rotation":{"x":-0.472621351480484,"y":0.012422370724380017,"z":-0.0066637638956308369,"w":-0.8811664581298828},"size":8.148077011108399,"orthographic":false}